{"cameraMode":{"drawMode":0,"name":"Shaded","section":"Shading Mode"},"sceneLighting":true,"audioPlay":false,"sceneViewState":{"showFog":true,"showMaterialUpdate":false,"showSkybox":true,"showFlares":true,"showImageEffects":true,"showParticleSystems":true},"in2DMode":false,"pivot":{"x":-0.44859468936920168,"y":-0.9738901853561401,"z":0.7225788235664368},"rotation":{"x":0.2283559888601303,"y":0.008762078359723091,"z":-0.0020552475471049549,"w":0.9735355973243713},"size":11.041731834411621,"orthographic":false}